{"stat.chestOpened":12,"stat.craftItem.skyresources.stonecuttingknife":1,"stat.leaveGame":15,"stat.drop.minecraft.gunpowder":5,"stat.drop.minecraft.apple":1,"stat.jump":243,"stat.craftItem.tconstruct.rack":1,"stat.drop.minecraft.cobblestone":4,"stat.crouchOneCm":727,"stat.useItem.minecraft.dirt":113,"stat.pickup.minecraft.dirt":2,"stat.drop.contenttweaker.small_gunpowder":1,"stat.useItem.minecraft.stone_slab2":41,"stat.craftingTableInteraction":17,"stat.useItem.minecraft.sapling":3,"stat.craftItem.contenttweaker.clay_brick":1,"stat.pickup.minecraft.cobblestone":4,"stat.useItem.extrautils2.itemcreativebuilderswand":11,"stat.pickup.minecraft.planks":7,"stat.flyOneCm":30401,"stat.pickup.contenttweaker.mini_gunpowder":4,"stat.pickup.skyresources.stonecuttingknife":1,"stat.timeSinceDeath":537806,"stat.mineBlock.minecraft.dirt":1,"stat.useItem.minecraft.spawn_egg":1,"stat.walkOneCm":62868,"stat.pickup.contenttweaker.small_gunpowder":20,"stat.useItem.minecraft.log":1,"stat.useItem.minecraft.cobblestone":1,"stat.drop.ironchest.iron_chest":1,"stat.pickup.botania.manaresource":5,"stat.drop.minecraft.spawn_egg":1,"stat.drop.minecraft.bedrock":1,"stat.drop.appliedenergistics2.tiny_tnt":1,"stat.drop.minecraft.planks":2,"stat.drop.minecraft.sapling":6,"stat.pickup.minecraft.sapling":9,"stat.drop.skyresources.blazepowderblock":2,"stat.sprintOneCm":803,"stat.pickup.minecraft.apple":2,"stat.craftItem.minecraft.stick":16,"stat.drop.tconstruct.rack":3,"stat.drop.extrautils2.itemcreativebuilderswand":1,"stat.drop":31,"stat.mineBlock.minecraft.leaves":9,"stat.playOneMinute":537806,"stat.pickup.tconstruct.rack":1,"stat.useItem.immersiveengineering.wooden_device0":1,"stat.sneakTime":497,"stat.drop.minecraft.grass":2,"stat.craftItem.minecraft.cobblestone":1}